{
  "canisters": {
    "freelance_backend": {
      "candid": "src/freelance_backend/freelance_backend.did",
      "package": "freelance_backend",
      "type": "rust"
    },
    "freelance_frontend": {
      "dependencies": [
        "freelance_backend"
      ],
      "source": [
        "src/freelance_frontend/dist"
      ],
      "type": "assets",
      "workspace": "freelance_frontend"
    },
    "internet_identity": {
      "candid": "https://github.com/dfinity/internet-identity/releases/latest/download/internet_identity.did",
      "frontend": {},
      "remote": {
        "id": {
          "ic": "rdmx6-jaaaa-aaaaa-aaadq-cai"
        }
      },
      "type": "custom",
      "wasm": "https://github.com/dfinity/internet-identity/releases/latest/download/internet_identity_dev.wasm.gz"
    }
  },
  "defaults": {
    "build": {
      "args": "",
      "packtool": ""
    }
  },
  "output_env_file": ".env",
  "version": 1
}